tipo_sangre,t,donaciones_bolsas
O+,1,27
O-,1,3
A+,1,13
A-,1,0
B+,1,3
B-,1,0
AB+,1,1
AB-,1,0
O+,2,17
O-,2,0
A+,2,12
A-,2,1
B+,2,3
B-,2,1
AB+,2,2
AB-,2,0
O+,3,17
O-,3,0
A+,3,3
A-,3,0
B+,3,4
B-,3,0
AB+,3,1
AB-,3,0
O+,4,16
O-,4,0
A+,4,6
A-,4,0
B+,4,4
B-,4,0
AB+,4,0
AB-,4,0
O+,5,29
O-,5,1
A+,5,15
A-,5,2
B+,5,3
B-,5,0
AB+,5,3
AB-,5,0
O+,6,20
O-,6,2
A+,6,12
A-,6,0
B+,6,0
B-,6,0
AB+,6,3
AB-,6,0
O+,7,21
O-,7,1
A+,7,11
A-,7,0
B+,7,4
B-,7,1
AB+,7,2
AB-,7,0
O+,8,25
O-,8,1
A+,8,13
A-,8,5
B+,8,2
B-,8,0
AB+,8,2
AB-,8,0
O+,9,25
O-,9,0
A+,9,7
A-,9,0
B+,9,2
B-,9,1
AB+,9,1
AB-,9,0
O+,10,16
O-,10,1
A+,10,7
A-,10,1
B+,10,1
B-,10,0
AB+,10,3
AB-,10,0
O+,11,13
O-,11,0
A+,11,10
A-,11,0
B+,11,1
B-,11,0
AB+,11,2
AB-,11,0
O+,12,22
O-,12,1
A+,12,13
A-,12,3
B+,12,3
B-,12,0
AB+,12,2
AB-,12,1
O+,13,27
O-,13,2
A+,13,14
A-,13,0
B+,13,3
B-,13,0
AB+,13,2
AB-,13,0
O+,14,21
O-,14,0
A+,14,10
A-,14,0
B+,14,4
B-,14,0
AB+,14,1
AB-,14,0
O+,15,25
O-,15,3
A+,15,17
A-,15,1
B+,15,4
B-,15,0
AB+,15,1
AB-,15,1
O+,16,27
O-,16,1
A+,16,14
A-,16,0
B+,16,6
B-,16,0
AB+,16,0
AB-,16,0
O+,17,17
O-,17,0
A+,17,17
A-,17,0
B+,17,3
B-,17,0
AB+,17,1
AB-,17,1
O+,18,9
O-,18,1
A+,18,6
A-,18,1
B+,18,2
B-,18,0
AB+,18,0
AB-,18,0
O+,19,26
O-,19,3
A+,19,8
A-,19,1
B+,19,4
B-,19,0
AB+,19,1
AB-,19,0
O+,20,29
O-,20,0
A+,20,21
A-,20,0
B+,20,5
B-,20,0
AB+,20,1
AB-,20,0
O+,21,24
O-,21,0
A+,21,14
A-,21,0
B+,21,7
B-,21,0
AB+,21,1
AB-,21,0
O+,22,25
O-,22,0
A+,22,17
A-,22,0
B+,22,1
B-,22,0
AB+,22,1
AB-,22,0
O+,23,20
O-,23,0
A+,23,13
A-,23,0
B+,23,4
B-,23,0
AB+,23,3
AB-,23,0
O+,24,17
O-,24,1
A+,24,7
A-,24,0
B+,24,2
B-,24,0
AB+,24,0
AB-,24,0
O+,25,15
O-,25,1
A+,25,5
A-,25,1
B+,25,1
B-,25,0
AB+,25,2
AB-,25,0
O+,26,38
O-,26,2
A+,26,10
A-,26,0
B+,26,5
B-,26,1
AB+,26,0
AB-,26,0
O+,27,27
O-,27,1
A+,27,10
A-,27,0
B+,27,3
B-,27,0
AB+,27,1
AB-,27,0
O+,28,24
O-,28,1
A+,28,13
A-,28,2
B+,28,5
B-,28,0
AB+,28,0
AB-,28,1
O+,29,30
O-,29,0
A+,29,9
A-,29,1
B+,29,2
B-,29,0
AB+,29,0
AB-,29,0
O+,30,21
O-,30,1
A+,30,10
A-,30,0
B+,30,4
B-,30,0
AB+,30,2
AB-,30,0
O+,31,14
O-,31,0
A+,31,12
A-,31,0
B+,31,1
B-,31,0
AB+,31,2
AB-,31,0
O+,32,8
O-,32,1
A+,32,7
A-,32,1
B+,32,2
B-,32,1
AB+,32,0
AB-,32,0
O+,33,27
O-,33,2
A+,33,12
A-,33,0
B+,33,8
B-,33,1
AB+,33,2
AB-,33,0
O+,34,17
O-,34,3
A+,34,18
A-,34,1
B+,34,3
B-,34,0
AB+,34,1
AB-,34,0
O+,35,26
O-,35,1
A+,35,19
A-,35,2
B+,35,2
B-,35,0
AB+,35,3
AB-,35,0
O+,36,20
O-,36,4
A+,36,9
A-,36,1
B+,36,5
B-,36,1
AB+,36,0
AB-,36,0
O+,37,11
O-,37,0
A+,37,21
A-,37,0
B+,37,1
B-,37,0
AB+,37,1
AB-,37,0
O+,38,17
O-,38,0
A+,38,11
A-,38,0
B+,38,3
B-,38,0
AB+,38,2
AB-,38,0
O+,39,14
O-,39,0
A+,39,4
A-,39,0
B+,39,0
B-,39,0
AB+,39,2
AB-,39,0
O+,40,28
O-,40,1
A+,40,18
A-,40,2
B+,40,4
B-,40,0
AB+,40,0
AB-,40,0
O+,41,21
O-,41,3
A+,41,17
A-,41,1
B+,41,5
B-,41,1
AB+,41,3
AB-,41,1
O+,42,23
O-,42,2
A+,42,14
A-,42,0
B+,42,3
B-,42,0
AB+,42,1
AB-,42,0
O+,43,21
O-,43,0
A+,43,12
A-,43,1
B+,43,3
B-,43,0
AB+,43,1
AB-,43,0
O+,44,28
O-,44,2
A+,44,24
A-,44,1
B+,44,3
B-,44,0
AB+,44,0
AB-,44,0
O+,45,12
O-,45,2
A+,45,11
A-,45,0
B+,45,4
B-,45,0
AB+,45,2
AB-,45,0
O+,46,14
O-,46,1
A+,46,5
A-,46,1
B+,46,2
B-,46,0
AB+,46,1
AB-,46,0
O+,47,25
O-,47,3
A+,47,11
A-,47,0
B+,47,8
B-,47,0
AB+,47,1
AB-,47,0
O+,48,15
O-,48,1
A+,48,12
A-,48,1
B+,48,7
B-,48,1
AB+,48,1
AB-,48,0
O+,49,21
O-,49,2
A+,49,12
A-,49,0
B+,49,8
B-,49,0
AB+,49,2
AB-,49,0
O+,50,27
O-,50,0
A+,50,16
A-,50,0
B+,50,1
B-,50,0
AB+,50,1
AB-,50,0
O+,51,22
O-,51,1
A+,51,15
A-,51,0
B+,51,4
B-,51,0
AB+,51,1
AB-,51,0
O+,52,14
O-,52,0
A+,52,12
A-,52,1
B+,52,2
B-,52,0
AB+,52,0
AB-,52,0
O+,53,6
O-,53,1
A+,53,10
A-,53,0
B+,53,1
B-,53,0
AB+,53,1
AB-,53,0
O+,54,35
O-,54,2
A+,54,12
A-,54,0
B+,54,0
B-,54,1
AB+,54,1
AB-,54,0
O+,55,19
O-,55,2
A+,55,16
A-,55,1
B+,55,2
B-,55,1
AB+,55,1
AB-,55,1
O+,56,29
O-,56,2
A+,56,18
A-,56,0
B+,56,6
B-,56,1
AB+,56,1
AB-,56,0
O+,57,15
O-,57,1
A+,57,15
A-,57,0
B+,57,3
B-,57,0
AB+,57,2
AB-,57,0
O+,58,20
O-,58,1
A+,58,14
A-,58,0
B+,58,3
B-,58,0
AB+,58,1
AB-,58,0
O+,59,19
O-,59,1
A+,59,7
A-,59,0
B+,59,2
B-,59,0
AB+,59,1
AB-,59,0
O+,60,15
O-,60,3
A+,60,6
A-,60,0
B+,60,2
B-,60,0
AB+,60,0
AB-,60,0
O+,61,24
O-,61,0
A+,61,19
A-,61,0
B+,61,3
B-,61,0
AB+,61,1
AB-,61,1
O+,62,27
O-,62,1
A+,62,19
A-,62,3
B+,62,4
B-,62,0
AB+,62,2
AB-,62,0
O+,63,33
O-,63,1
A+,63,25
A-,63,1
B+,63,5
B-,63,0
AB+,63,4
AB-,63,0
O+,64,28
O-,64,3
A+,64,12
A-,64,2
B+,64,3
B-,64,0
AB+,64,3
AB-,64,1
O+,65,37
O-,65,1
A+,65,21
A-,65,0
B+,65,6
B-,65,0
AB+,65,5
AB-,65,0
O+,66,25
O-,66,1
A+,66,15
A-,66,0
B+,66,1
B-,66,0
AB+,66,1
AB-,66,0
O+,67,15
O-,67,0
A+,67,11
A-,67,0
B+,67,3
B-,67,0
AB+,67,1
AB-,67,0
O+,68,26
O-,68,0
A+,68,24
A-,68,2
B+,68,2
B-,68,0
AB+,68,1
AB-,68,0
O+,69,25
O-,69,5
A+,69,14
A-,69,0
B+,69,5
B-,69,0
AB+,69,0
AB-,69,1
O+,70,24
O-,70,0
A+,70,24
A-,70,2
B+,70,3
B-,70,0
AB+,70,0
AB-,70,0
O+,71,25
O-,71,0
A+,71,17
A-,71,1
B+,71,5
B-,71,0
AB+,71,1
AB-,71,0
O+,72,30
O-,72,1
A+,72,19
A-,72,0
B+,72,4
B-,72,1
AB+,72,2
AB-,72,0
O+,73,10
O-,73,1
A+,73,18
A-,73,0
B+,73,4
B-,73,0
AB+,73,2
AB-,73,0
O+,74,16
O-,74,1
A+,74,8
A-,74,0
B+,74,2
B-,74,0
AB+,74,0
AB-,74,0
O+,75,23
O-,75,2
A+,75,22
A-,75,1
B+,75,1
B-,75,1
AB+,75,4
AB-,75,0
O+,76,24
O-,76,1
A+,76,17
A-,76,3
B+,76,1
B-,76,0
AB+,76,2
AB-,76,0
O+,77,29
O-,77,1
A+,77,15
A-,77,1
B+,77,5
B-,77,0
AB+,77,2
AB-,77,0
O+,78,29
O-,78,1
A+,78,18
A-,78,1
B+,78,5
B-,78,0
AB+,78,1
AB-,78,1
O+,79,31
O-,79,2
A+,79,19
A-,79,1
B+,79,3
B-,79,0
AB+,79,3
AB-,79,0
O+,80,19
O-,80,1
A+,80,12
A-,80,0
B+,80,3
B-,80,0
AB+,80,1
AB-,80,0
O+,81,16
O-,81,1
A+,81,6
A-,81,1
B+,81,3
B-,81,0
AB+,81,1
AB-,81,0
O+,82,28
O-,82,2
A+,82,15
A-,82,0
B+,82,7
B-,82,0
AB+,82,1
AB-,82,0
O+,83,25
O-,83,5
A+,83,12
A-,83,3
B+,83,2
B-,83,1
AB+,83,1
AB-,83,0
O+,84,32
O-,84,2
A+,84,25
A-,84,3
B+,84,0
B-,84,0
AB+,84,0
AB-,84,0
O+,85,27
O-,85,2
A+,85,23
A-,85,3
B+,85,7
B-,85,1
AB+,85,3
AB-,85,0
O+,86,34
O-,86,1
A+,86,16
A-,86,0
B+,86,2
B-,86,1
AB+,86,2
AB-,86,1
O+,87,23
O-,87,1
A+,87,9
A-,87,2
B+,87,1
B-,87,0
AB+,87,0
AB-,87,0
O+,88,15
O-,88,1
A+,88,6
A-,88,0
B+,88,1
B-,88,0
AB+,88,1
AB-,88,0
O+,89,24
O-,89,0
A+,89,20
A-,89,1
B+,89,8
B-,89,0
AB+,89,1
AB-,89,0
O+,90,25
O-,90,1
A+,90,9
A-,90,2
B+,90,3
B-,90,2
AB+,90,2
AB-,90,1
O+,91,31
O-,91,1
A+,91,15
A-,91,0
B+,91,1
B-,91,0
AB+,91,3
AB-,91,0
O+,92,28
O-,92,2
A+,92,14
A-,92,2
B+,92,1
B-,92,0
AB+,92,1
AB-,92,0
O+,93,31
O-,93,3
A+,93,16
A-,93,0
B+,93,7
B-,93,0
AB+,93,0
AB-,93,1
O+,94,15
O-,94,2
A+,94,15
A-,94,0
B+,94,0
B-,94,0
AB+,94,0
AB-,94,1
O+,95,17
O-,95,1
A+,95,9
A-,95,1
B+,95,0
B-,95,0
AB+,95,2
AB-,95,0
O+,96,28
O-,96,0
A+,96,13
A-,96,3
B+,96,5
B-,96,0
AB+,96,1
AB-,96,0
O+,97,34
O-,97,1
A+,97,17
A-,97,0
B+,97,7
B-,97,0
AB+,97,5
AB-,97,0
O+,98,20
O-,98,0
A+,98,24
A-,98,0
B+,98,5
B-,98,0
AB+,98,4
AB-,98,1
O+,99,23
O-,99,2
A+,99,12
A-,99,1
B+,99,9
B-,99,0
AB+,99,2
AB-,99,0
O+,100,28
O-,100,1
A+,100,12
A-,100,2
B+,100,4
B-,100,1
AB+,100,1
AB-,100,0
O+,101,25
O-,101,0
A+,101,11
A-,101,0
B+,101,2
B-,101,0
AB+,101,0
AB-,101,0
O+,102,14
O-,102,1
A+,102,6
A-,102,0
B+,102,3
B-,102,1
AB+,102,1
AB-,102,0
O+,103,29
O-,103,3
A+,103,19
A-,103,1
B+,103,4
B-,103,0
AB+,103,1
AB-,103,0
O+,104,26
O-,104,4
A+,104,11
A-,104,1
B+,104,4
B-,104,1
AB+,104,1
AB-,104,0
O+,105,25
O-,105,1
A+,105,14
A-,105,1
B+,105,5
B-,105,0
AB+,105,0
AB-,105,0
O+,106,30
O-,106,2
A+,106,21
A-,106,2
B+,106,4
B-,106,0
AB+,106,3
AB-,106,0
O+,107,29
O-,107,4
A+,107,15
A-,107,0
B+,107,4
B-,107,0
AB+,107,0
AB-,107,0
O+,108,12
O-,108,3
A+,108,14
A-,108,0
B+,108,2
B-,108,1
AB+,108,2
AB-,108,0
O+,109,16
O-,109,0
A+,109,11
A-,109,0
B+,109,2
B-,109,1
AB+,109,0
AB-,109,0
O+,110,31
O-,110,2
A+,110,15
A-,110,1
B+,110,5
B-,110,0
AB+,110,1
AB-,110,0
O+,111,33
O-,111,3
A+,111,11
A-,111,3
B+,111,4
B-,111,0
AB+,111,2
AB-,111,0
O+,112,27
O-,112,1
A+,112,18
A-,112,0
B+,112,9
B-,112,0
AB+,112,2
AB-,112,0
O+,113,24
O-,113,1
A+,113,18
A-,113,1
B+,113,3
B-,113,1
AB+,113,4
AB-,113,0
O+,114,34
O-,114,3
A+,114,13
A-,114,0
B+,114,3
B-,114,0
AB+,114,2
AB-,114,0
O+,115,28
O-,115,1
A+,115,13
A-,115,0
B+,115,1
B-,115,0
AB+,115,0
AB-,115,0
O+,116,17
O-,116,1
A+,116,11
A-,116,0
B+,116,0
B-,116,0
AB+,116,1
AB-,116,0
O+,117,32
O-,117,2
A+,117,14
A-,117,0
B+,117,3
B-,117,0
AB+,117,1
AB-,117,0
O+,118,24
O-,118,0
A+,118,17
A-,118,2
B+,118,3
B-,118,0
AB+,118,0
AB-,118,0
O+,119,27
O-,119,0
A+,119,16
A-,119,1
B+,119,3
B-,119,0
AB+,119,1
AB-,119,0
O+,120,34
O-,120,2
A+,120,12
A-,120,1
B+,120,4
B-,120,0
AB+,120,3
AB-,120,0
O+,121,24
O-,121,0
A+,121,11
A-,121,0
B+,121,7
B-,121,0
AB+,121,1
AB-,121,0
O+,122,23
O-,122,2
A+,122,11
A-,122,0
B+,122,2
B-,122,0
AB+,122,1
AB-,122,0
O+,123,13
O-,123,1
A+,123,8
A-,123,2
B+,123,1
B-,123,0
AB+,123,1
AB-,123,0
O+,124,35
O-,124,3
A+,124,9
A-,124,1
B+,124,2
B-,124,1
AB+,124,1
AB-,124,0
O+,125,28
O-,125,4
A+,125,10
A-,125,2
B+,125,8
B-,125,0
AB+,125,3
AB-,125,0
O+,126,28
O-,126,5
A+,126,14
A-,126,1
B+,126,3
B-,126,1
AB+,126,5
AB-,126,0
O+,127,32
O-,127,1
A+,127,18
A-,127,0
B+,127,2
B-,127,1
AB+,127,0
AB-,127,0
O+,128,27
O-,128,1
A+,128,13
A-,128,0
B+,128,5
B-,128,0
AB+,128,2
AB-,128,0
O+,129,26
O-,129,4
A+,129,3
A-,129,1
B+,129,5
B-,129,0
AB+,129,0
AB-,129,0
O+,130,15
O-,130,0
A+,130,7
A-,130,0
B+,130,2
B-,130,0
AB+,130,2
AB-,130,0
O+,131,27
O-,131,4
A+,131,22
A-,131,2
B+,131,1
B-,131,0
AB+,131,3
AB-,131,1
O+,132,37
O-,132,3
A+,132,12
A-,132,0
B+,132,1
B-,132,0
AB+,132,0
AB-,132,0
O+,133,30
O-,133,2
A+,133,12
A-,133,1
B+,133,4
B-,133,0
AB+,133,0
AB-,133,0
O+,134,26
O-,134,0
A+,134,20
A-,134,1
B+,134,3
B-,134,2
AB+,134,0
AB-,134,0
O+,135,30
O-,135,1
A+,135,12
A-,135,1
B+,135,3
B-,135,0
AB+,135,1
AB-,135,0
O+,136,11
O-,136,0
A+,136,17
A-,136,1
B+,136,3
B-,136,1
AB+,136,0
AB-,136,0
O+,137,15
O-,137,0
A+,137,5
A-,137,0
B+,137,3
B-,137,0
AB+,137,4
AB-,137,0
O+,138,22
O-,138,3
A+,138,20
A-,138,0
B+,138,1
B-,138,1
AB+,138,2
AB-,138,0
O+,139,18
O-,139,2
A+,139,21
A-,139,0
B+,139,5
B-,139,0
AB+,139,4
AB-,139,0
O+,140,29
O-,140,1
A+,140,21
A-,140,0
B+,140,3
B-,140,0
AB+,140,2
AB-,140,0
O+,141,30
O-,141,0
A+,141,15
A-,141,0
B+,141,3
B-,141,0
AB+,141,2
AB-,141,0
O+,142,21
O-,142,3
A+,142,16
A-,142,3
B+,142,5
B-,142,0
AB+,142,2
AB-,142,0
O+,143,19
O-,143,3
A+,143,11
A-,143,0
B+,143,3
B-,143,0
AB+,143,1
AB-,143,0
O+,144,13
O-,144,0
A+,144,6
A-,144,1
B+,144,4
B-,144,0
AB+,144,0
AB-,144,0
O+,145,25
O-,145,1
A+,145,13
A-,145,2
B+,145,3
B-,145,0
AB+,145,1
AB-,145,0
O+,146,29
O-,146,0
A+,146,20
A-,146,0
B+,146,2
B-,146,0
AB+,146,2
AB-,146,0
O+,147,35
O-,147,1
A+,147,15
A-,147,0
B+,147,3
B-,147,0
AB+,147,1
AB-,147,0
O+,148,28
O-,148,2
A+,148,22
A-,148,2
B+,148,6
B-,148,0
AB+,148,4
AB-,148,0
O+,149,32
O-,149,2
A+,149,20
A-,149,0
B+,149,6
B-,149,1
AB+,149,0
AB-,149,0
O+,150,17
O-,150,0
A+,150,8
A-,150,1
B+,150,4
B-,150,0
AB+,150,2
AB-,150,0
O+,151,18
O-,151,1
A+,151,10
A-,151,0
B+,151,1
B-,151,0
AB+,151,1
AB-,151,0
O+,152,28
O-,152,1
A+,152,8
A-,152,1
B+,152,4
B-,152,0
AB+,152,0
AB-,152,0
O+,153,28
O-,153,2
A+,153,17
A-,153,1
B+,153,4
B-,153,0
AB+,153,1
AB-,153,0
O+,154,34
O-,154,2
A+,154,13
A-,154,2
B+,154,6
B-,154,0
AB+,154,1
AB-,154,0
O+,155,21
O-,155,0
A+,155,14
A-,155,0
B+,155,5
B-,155,0
AB+,155,0
AB-,155,0
O+,156,23
O-,156,2
A+,156,12
A-,156,0
B+,156,3
B-,156,0
AB+,156,0
AB-,156,1
O+,157,13
O-,157,1
A+,157,10
A-,157,0
B+,157,4
B-,157,0
AB+,157,1
AB-,157,0
O+,158,10
O-,158,0
A+,158,10
A-,158,0
B+,158,0
B-,158,1
AB+,158,0
AB-,158,1
O+,159,26
O-,159,1
A+,159,18
A-,159,3
B+,159,5
B-,159,1
AB+,159,1
AB-,159,0
O+,160,25
O-,160,2
A+,160,18
A-,160,0
B+,160,2
B-,160,1
AB+,160,0
AB-,160,0
O+,161,24
O-,161,0
A+,161,18
A-,161,1
B+,161,4
B-,161,0
AB+,161,3
AB-,161,0
O+,162,29
O-,162,0
A+,162,18
A-,162,3
B+,162,3
B-,162,0
AB+,162,4
AB-,162,0
O+,163,27
O-,163,0
A+,163,18
A-,163,0
B+,163,1
B-,163,0
AB+,163,1
AB-,163,0
O+,164,19
O-,164,0
A+,164,7
A-,164,1
B+,164,1
B-,164,1
AB+,164,3
AB-,164,0
O+,165,13
O-,165,1
A+,165,6
A-,165,0
B+,165,3
B-,165,0
AB+,165,0
AB-,165,0
O+,166,19
O-,166,1
A+,166,15
A-,166,0
B+,166,5
B-,166,1
AB+,166,0
AB-,166,1
O+,167,23
O-,167,1
A+,167,14
A-,167,3
B+,167,4
B-,167,1
AB+,167,1
AB-,167,0
O+,168,29
O-,168,4
A+,168,16
A-,168,1
B+,168,7
B-,168,0
AB+,168,1
AB-,168,0
O+,169,28
O-,169,1
A+,169,10
A-,169,3
B+,169,3
B-,169,0
AB+,169,3
AB-,169,1
O+,170,32
O-,170,3
A+,170,22
A-,170,0
B+,170,6
B-,170,0
AB+,170,2
AB-,170,0
O+,171,17
O-,171,3
A+,171,12
A-,171,2
B+,171,0
B-,171,0
AB+,171,1
AB-,171,1
O+,172,17
O-,172,0
A+,172,11
A-,172,0
B+,172,1
B-,172,0
AB+,172,0
AB-,172,0
O+,173,30
O-,173,1
A+,173,14
A-,173,0
B+,173,3
B-,173,0
AB+,173,0
AB-,173,0
O+,174,23
O-,174,0
A+,174,14
A-,174,1
B+,174,3
B-,174,1
AB+,174,3
AB-,174,0
O+,175,22
O-,175,2
A+,175,15
A-,175,1
B+,175,2
B-,175,0
AB+,175,2
AB-,175,1
O+,176,33
O-,176,1
A+,176,13
A-,176,0
B+,176,3
B-,176,0
AB+,176,1
AB-,176,0
O+,177,23
O-,177,1
A+,177,16
A-,177,1
B+,177,4
B-,177,0
AB+,177,0
AB-,177,0
O+,178,15
O-,178,0
A+,178,14
A-,178,1
B+,178,3
B-,178,0
AB+,178,0
AB-,178,0
O+,179,16
O-,179,1
A+,179,7
A-,179,0
B+,179,2
B-,179,0
AB+,179,1
AB-,179,0
O+,180,37
O-,180,0
A+,180,8
A-,180,0
B+,180,4
B-,180,0
AB+,180,1
AB-,180,0
O+,181,23
O-,181,3
A+,181,18
A-,181,2
B+,181,2
B-,181,1
AB+,181,0
AB-,181,0
O+,182,21
O-,182,3
A+,182,12
A-,182,1
B+,182,8
B-,182,0
AB+,182,1
AB-,182,0
O+,183,22
O-,183,1
A+,183,19
A-,183,0
B+,183,4
B-,183,0
AB+,183,1
AB-,183,0
O+,184,25
O-,184,2
A+,184,12
A-,184,2
B+,184,2
B-,184,1
AB+,184,2
AB-,184,0
O+,185,15
O-,185,1
A+,185,6
A-,185,1
B+,185,2
B-,185,0
AB+,185,1
AB-,185,0
O+,186,15
O-,186,1
A+,186,5
A-,186,1
B+,186,2
B-,186,0
AB+,186,0
AB-,186,0
O+,187,30
O-,187,2
A+,187,20
A-,187,2
B+,187,3
B-,187,0
AB+,187,1
AB-,187,0
O+,188,19
O-,188,0
A+,188,24
A-,188,1
B+,188,2
B-,188,0
AB+,188,0
AB-,188,1
O+,189,26
O-,189,1
A+,189,12
A-,189,4
B+,189,6
B-,189,0
AB+,189,2
AB-,189,0
O+,190,24
O-,190,1
A+,190,10
A-,190,1
B+,190,2
B-,190,1
AB+,190,1
AB-,190,0
O+,191,21
O-,191,0
A+,191,15
A-,191,2
B+,191,4
B-,191,2
AB+,191,1
AB-,191,0
O+,192,17
O-,192,0
A+,192,7
A-,192,0
B+,192,4
B-,192,0
AB+,192,1
AB-,192,0
O+,193,18
O-,193,0
A+,193,6
A-,193,0
B+,193,4
B-,193,1
AB+,193,0
AB-,193,0
O+,194,21
O-,194,3
A+,194,18
A-,194,0
B+,194,3
B-,194,0
AB+,194,1
AB-,194,0
O+,195,23
O-,195,0
A+,195,18
A-,195,1
B+,195,2
B-,195,1
AB+,195,1
AB-,195,2
O+,196,18
O-,196,6
A+,196,13
A-,196,2
B+,196,4
B-,196,1
AB+,196,2
AB-,196,0
O+,197,23
O-,197,2
A+,197,14
A-,197,1
B+,197,3
B-,197,0
AB+,197,3
AB-,197,0
O+,198,22
O-,198,2
A+,198,13
A-,198,0
B+,198,3
B-,198,0
AB+,198,1
AB-,198,0
O+,199,13
O-,199,2
A+,199,16
A-,199,1
B+,199,2
B-,199,0
AB+,199,1
AB-,199,0
O+,200,15
O-,200,2
A+,200,6
A-,200,0
B+,200,0
B-,200,0
AB+,200,0
AB-,200,0
O+,201,31
O-,201,2
A+,201,10
A-,201,1
B+,201,6
B-,201,0
AB+,201,3
AB-,201,0
O+,202,28
O-,202,0
A+,202,19
A-,202,0
B+,202,3
B-,202,0
AB+,202,1
AB-,202,0
O+,203,29
O-,203,1
A+,203,13
A-,203,1
B+,203,5
B-,203,0
AB+,203,2
AB-,203,0
O+,204,23
O-,204,2
A+,204,14
A-,204,0
B+,204,4
B-,204,0
AB+,204,4
AB-,204,0
O+,205,21
O-,205,2
A+,205,11
A-,205,1
B+,205,7
B-,205,1
AB+,205,0
AB-,205,0
O+,206,15
O-,206,0
A+,206,15
A-,206,0
B+,206,0
B-,206,1
AB+,206,1
AB-,206,0
O+,207,14
O-,207,0
A+,207,8
A-,207,0
B+,207,1
B-,207,0
AB+,207,0
AB-,207,0
O+,208,30
O-,208,1
A+,208,8
A-,208,1
B+,208,7
B-,208,0
AB+,208,1
AB-,208,0
O+,209,23
O-,209,2
A+,209,14
A-,209,2
B+,209,4
B-,209,1
AB+,209,2
AB-,209,0
O+,210,32
O-,210,0
A+,210,16
A-,210,1
B+,210,4
B-,210,0
AB+,210,3
AB-,210,0
O+,211,21
O-,211,0
A+,211,18
A-,211,0
B+,211,1
B-,211,0
AB+,211,0
AB-,211,1
O+,212,27
O-,212,2
A+,212,7
A-,212,1
B+,212,5
B-,212,0
AB+,212,1
AB-,212,0
O+,213,15
O-,213,3
A+,213,11
A-,213,1
B+,213,2
B-,213,0
AB+,213,1
AB-,213,0
O+,214,15
O-,214,1
A+,214,6
A-,214,0
B+,214,3
B-,214,0
AB+,214,1
AB-,214,0
O+,215,31
O-,215,0
A+,215,17
A-,215,1
B+,215,4
B-,215,0
AB+,215,3
AB-,215,0
O+,216,32
O-,216,0
A+,216,18
A-,216,0
B+,216,3
B-,216,0
AB+,216,2
AB-,216,0
O+,217,20
O-,217,3
A+,217,16
A-,217,0
B+,217,3
B-,217,0
AB+,217,3
AB-,217,1
O+,218,24
O-,218,3
A+,218,16
A-,218,0
B+,218,2
B-,218,0
AB+,218,3
AB-,218,0
O+,219,28
O-,219,2
A+,219,18
A-,219,1
B+,219,2
B-,219,0
AB+,219,2
AB-,219,0
O+,220,20
O-,220,0
A+,220,12
A-,220,1
B+,220,3
B-,220,0
AB+,220,1
AB-,220,0
O+,221,13
O-,221,0
A+,221,9
A-,221,0
B+,221,2
B-,221,0
AB+,221,0
AB-,221,0
O+,222,32
O-,222,2
A+,222,20
A-,222,0
B+,222,4
B-,222,1
AB+,222,1
AB-,222,0
O+,223,34
O-,223,1
A+,223,18
A-,223,2
B+,223,2
B-,223,0
AB+,223,3
AB-,223,0
O+,224,23
O-,224,4
A+,224,10
A-,224,1
B+,224,3
B-,224,0
AB+,224,1
AB-,224,0
O+,225,33
O-,225,2
A+,225,10
A-,225,2
B+,225,4
B-,225,1
AB+,225,0
AB-,225,0
O+,226,30
O-,226,2
A+,226,16
A-,226,2
B+,226,7
B-,226,0
AB+,226,1
AB-,226,0
O+,227,17
O-,227,3
A+,227,12
A-,227,1
B+,227,2
B-,227,0
AB+,227,1
AB-,227,0
O+,228,10
O-,228,1
A+,228,9
A-,228,0
B+,228,4
B-,228,0
AB+,228,0
AB-,228,0
O+,229,33
O-,229,2
A+,229,18
A-,229,1
B+,229,5
B-,229,0
AB+,229,2
AB-,229,0
O+,230,25
O-,230,3
A+,230,22
A-,230,1
B+,230,6
B-,230,2
AB+,230,4
AB-,230,0
O+,231,34
O-,231,0
A+,231,11
A-,231,2
B+,231,3
B-,231,1
AB+,231,0
AB-,231,0
O+,232,25
O-,232,0
A+,232,19
A-,232,0
B+,232,1
B-,232,0
AB+,232,1
AB-,232,0
O+,233,27
O-,233,2
A+,233,16
A-,233,0
B+,233,7
B-,233,0
AB+,233,0
AB-,233,0
O+,234,14
O-,234,1
A+,234,9
A-,234,3
B+,234,4
B-,234,0
AB+,234,1
AB-,234,1
O+,235,14
O-,235,0
A+,235,7
A-,235,0
B+,235,3
B-,235,2
AB+,235,0
AB-,235,0
O+,236,42
O-,236,2
A+,236,19
A-,236,0
B+,236,3
B-,236,0
AB+,236,2
AB-,236,0
O+,237,28
O-,237,3
A+,237,21
A-,237,1
B+,237,4
B-,237,0
AB+,237,2
AB-,237,0
O+,238,30
O-,238,1
A+,238,22
A-,238,1
B+,238,5
B-,238,0
AB+,238,2
AB-,238,0
O+,239,20
O-,239,3
A+,239,14
A-,239,0
B+,239,6
B-,239,2
AB+,239,3
AB-,239,0
O+,240,37
O-,240,1
A+,240,7
A-,240,1
B+,240,5
B-,240,1
AB+,240,1
AB-,240,0
O+,241,25
O-,241,3
A+,241,10
A-,241,1
B+,241,2
B-,241,0
AB+,241,0
AB-,241,0
O+,242,17
O-,242,0
A+,242,8
A-,242,0
B+,242,1
B-,242,0
AB+,242,1
AB-,242,0
O+,243,25
O-,243,1
A+,243,16
A-,243,1
B+,243,0
B-,243,0
AB+,243,1
AB-,243,1
O+,244,42
O-,244,4
A+,244,4
A-,244,0
B+,244,3
B-,244,0
AB+,244,1
AB-,244,1
O+,245,27
O-,245,1
A+,245,17
A-,245,0
B+,245,4
B-,245,0
AB+,245,1
AB-,245,1
O+,246,29
O-,246,0
A+,246,14
A-,246,1
B+,246,2
B-,246,0
AB+,246,3
AB-,246,0
O+,247,22
O-,247,3
A+,247,16
A-,247,0
B+,247,4
B-,247,0
AB+,247,0
AB-,247,0
O+,248,17
O-,248,0
A+,248,12
A-,248,0
B+,248,7
B-,248,0
AB+,248,2
AB-,248,0
O+,249,20
O-,249,0
A+,249,6
A-,249,0
B+,249,0
B-,249,0
AB+,249,1
AB-,249,0
O+,250,35
O-,250,2
A+,250,12
A-,250,0
B+,250,3
B-,250,0
AB+,250,1
AB-,250,0
O+,251,21
O-,251,4
A+,251,22
A-,251,0
B+,251,5
B-,251,0
AB+,251,0
AB-,251,0
O+,252,30
O-,252,3
A+,252,14
A-,252,1
B+,252,3
B-,252,0
AB+,252,2
AB-,252,1
O+,253,29
O-,253,4
A+,253,15
A-,253,1
B+,253,2
B-,253,0
AB+,253,1
AB-,253,0
O+,254,19
O-,254,2
A+,254,17
A-,254,2
B+,254,1
B-,254,0
AB+,254,1
AB-,254,2
O+,255,18
O-,255,0
A+,255,15
A-,255,0
B+,255,4
B-,255,0
AB+,255,1
AB-,255,0
O+,256,11
O-,256,2
A+,256,7
A-,256,0
B+,256,7
B-,256,0
AB+,256,0
AB-,256,0
O+,257,24
O-,257,2
A+,257,12
A-,257,2
B+,257,9
B-,257,0
AB+,257,3
AB-,257,0
O+,258,30
O-,258,2
A+,258,15
A-,258,1
B+,258,1
B-,258,0
AB+,258,1
AB-,258,0
O+,259,32
O-,259,2
A+,259,13
A-,259,0
B+,259,2
B-,259,1
AB+,259,2
AB-,259,0
O+,260,27
O-,260,5
A+,260,14
A-,260,1
B+,260,2
B-,260,1
AB+,260,0
AB-,260,1
O+,261,30
O-,261,2
A+,261,27
A-,261,0
B+,261,1
B-,261,0
AB+,261,2
AB-,261,0
O+,262,15
O-,262,2
A+,262,20
A-,262,0
B+,262,2
B-,262,1
AB+,262,0
AB-,262,0
O+,263,15
O-,263,0
A+,263,10
A-,263,0
B+,263,2
B-,263,0
AB+,263,0
AB-,263,0
O+,264,40
O-,264,0
A+,264,18
A-,264,3
B+,264,4
B-,264,0
AB+,264,2
AB-,264,0
O+,265,30
O-,265,1
A+,265,11
A-,265,1
B+,265,9
B-,265,0
AB+,265,5
AB-,265,0
O+,266,28
O-,266,1
A+,266,16
A-,266,2
B+,266,3
B-,266,0
AB+,266,0
AB-,266,0
O+,267,38
O-,267,4
A+,267,14
A-,267,1
B+,267,4
B-,267,1
AB+,267,2
AB-,267,0
O+,268,23
O-,268,0
A+,268,24
A-,268,2
B+,268,1
B-,268,0
AB+,268,2
AB-,268,0
O+,269,23
O-,269,1
A+,269,13
A-,269,1
B+,269,4
B-,269,0
AB+,269,0
AB-,269,0
O+,270,13
O-,270,2
A+,270,7
A-,270,0
B+,270,3
B-,270,0
AB+,270,0
AB-,270,0
O+,271,29
O-,271,2
A+,271,11
A-,271,0
B+,271,7
B-,271,0
AB+,271,1
AB-,271,0
O+,272,33
O-,272,0
A+,272,12
A-,272,2
B+,272,7
B-,272,0
AB+,272,3
AB-,272,0
O+,273,31
O-,273,0
A+,273,16
A-,273,1
B+,273,3
B-,273,2
AB+,273,1
AB-,273,0
O+,274,31
O-,274,0
A+,274,20
A-,274,1
B+,274,4
B-,274,1
AB+,274,0
AB-,274,1
O+,275,29
O-,275,0
A+,275,16
A-,275,1
B+,275,3
B-,275,0
AB+,275,2
AB-,275,0
O+,276,22
O-,276,0
A+,276,8
A-,276,1
B+,276,6
B-,276,1
AB+,276,3
AB-,276,0
O+,277,9
O-,277,3
A+,277,8
A-,277,0
B+,277,1
B-,277,0
AB+,277,1
AB-,277,1
O+,278,25
O-,278,5
A+,278,18
A-,278,0
B+,278,2
B-,278,0
AB+,278,0
AB-,278,0
O+,279,29
O-,279,1
A+,279,11
A-,279,0
B+,279,9
B-,279,0
AB+,279,1
AB-,279,0
O+,280,29
O-,280,2
A+,280,14
A-,280,1
B+,280,6
B-,280,0
AB+,280,1
AB-,280,0
O+,281,30
O-,281,1
A+,281,11
A-,281,2
B+,281,7
B-,281,0
AB+,281,0
AB-,281,0
O+,282,23
O-,282,2
A+,282,13
A-,282,3
B+,282,4
B-,282,0
AB+,282,2
AB-,282,0
O+,283,20
O-,283,0
A+,283,10
A-,283,0
B+,283,1
B-,283,0
AB+,283,1
AB-,283,0
O+,284,21
O-,284,1
A+,284,9
A-,284,0
B+,284,2
B-,284,1
AB+,284,1
AB-,284,0
O+,285,26
O-,285,0
A+,285,17
A-,285,2
B+,285,6
B-,285,0
AB+,285,5
AB-,285,0
O+,286,23
O-,286,0
A+,286,23
A-,286,0
B+,286,3
B-,286,1
AB+,286,0
AB-,286,0
O+,287,36
O-,287,0
A+,287,11
A-,287,2
B+,287,1
B-,287,2
AB+,287,0
AB-,287,0
O+,288,32
O-,288,1
A+,288,15
A-,288,1
B+,288,3
B-,288,0
AB+,288,2
AB-,288,0
O+,289,30
O-,289,4
A+,289,20
A-,289,1
B+,289,4
B-,289,0
AB+,289,0
AB-,289,0
O+,290,22
O-,290,2
A+,290,7
A-,290,0
B+,290,2
B-,290,0
AB+,290,5
AB-,290,0
O+,291,18
O-,291,1
A+,291,7
A-,291,0
B+,291,1
B-,291,0
AB+,291,0
AB-,291,0
O+,292,26
O-,292,4
A+,292,17
A-,292,0
B+,292,5
B-,292,0
AB+,292,1
AB-,292,0
O+,293,26
O-,293,4
A+,293,24
A-,293,0
B+,293,7
B-,293,0
AB+,293,3
AB-,293,0
O+,294,26
O-,294,3
A+,294,18
A-,294,1
B+,294,2
B-,294,1
AB+,294,3
AB-,294,0
O+,295,28
O-,295,4
A+,295,11
A-,295,1
B+,295,3
B-,295,0
AB+,295,2
AB-,295,0
O+,296,32
O-,296,0
A+,296,17
A-,296,0
B+,296,6
B-,296,0
AB+,296,2
AB-,296,0
O+,297,19
O-,297,2
A+,297,6
A-,297,0
B+,297,6
B-,297,0
AB+,297,1
AB-,297,0
O+,298,14
O-,298,1
A+,298,10
A-,298,1
B+,298,2
B-,298,0
AB+,298,0
AB-,298,0
O+,299,29
O-,299,2
A+,299,20
A-,299,0
B+,299,3
B-,299,0
AB+,299,1
AB-,299,0
O+,300,31
O-,300,2
A+,300,15
A-,300,2
B+,300,4
B-,300,1
AB+,300,2
AB-,300,0
O+,301,29
O-,301,1
A+,301,13
A-,301,0
B+,301,5
B-,301,0
AB+,301,2
AB-,301,0
O+,302,28
O-,302,2
A+,302,19
A-,302,2
B+,302,4
B-,302,1
AB+,302,4
AB-,302,0
O+,303,37
O-,303,5
A+,303,7
A-,303,0
B+,303,3
B-,303,0
AB+,303,2
AB-,303,0
O+,304,16
O-,304,1
A+,304,8
A-,304,0
B+,304,2
B-,304,0
AB+,304,2
AB-,304,0
O+,305,12
O-,305,2
A+,305,13
A-,305,0
B+,305,4
B-,305,0
AB+,305,1
AB-,305,1
O+,306,22
O-,306,0
A+,306,21
A-,306,1
B+,306,4
B-,306,1
AB+,306,3
AB-,306,0
O+,307,26
O-,307,4
A+,307,14
A-,307,3
B+,307,5
B-,307,0
AB+,307,1
AB-,307,0
O+,308,25
O-,308,1
A+,308,15
A-,308,0
B+,308,5
B-,308,0
AB+,308,3
AB-,308,0
O+,309,25
O-,309,1
A+,309,28
A-,309,1
B+,309,4
B-,309,0
AB+,309,3
AB-,309,0
O+,310,27
O-,310,1
A+,310,13
A-,310,2
B+,310,5
B-,310,0
AB+,310,1
AB-,310,0
O+,311,14
O-,311,1
A+,311,16
A-,311,0
B+,311,4
B-,311,0
AB+,311,0
AB-,311,0
O+,312,13
O-,312,1
A+,312,9
A-,312,1
B+,312,3
B-,312,0
AB+,312,1
AB-,312,0
O+,313,20
O-,313,1
A+,313,21
A-,313,1
B+,313,4
B-,313,0
AB+,313,1
AB-,313,0
O+,314,20
O-,314,1
A+,314,19
A-,314,2
B+,314,8
B-,314,0
AB+,314,3
AB-,314,0
O+,315,25
O-,315,3
A+,315,14
A-,315,0
B+,315,6
B-,315,1
AB+,315,0
AB-,315,0
O+,316,24
O-,316,1
A+,316,14
A-,316,1
B+,316,5
B-,316,0
AB+,316,2
AB-,316,1
O+,317,22
O-,317,2
A+,317,13
A-,317,1
B+,317,4
B-,317,0
AB+,317,1
AB-,317,0
O+,318,21
O-,318,0
A+,318,10
A-,318,0
B+,318,4
B-,318,1
AB+,318,1
AB-,318,0
O+,319,16
O-,319,0
A+,319,9
A-,319,0
B+,319,2
B-,319,0
AB+,319,2
AB-,319,0
O+,320,26
O-,320,1
A+,320,21
A-,320,2
B+,320,4
B-,320,0
AB+,320,1
AB-,320,0
O+,321,25
O-,321,0
A+,321,16
A-,321,1
B+,321,5
B-,321,0
AB+,321,4
AB-,321,0
O+,322,38
O-,322,2
A+,322,14
A-,322,0
B+,322,5
B-,322,0
AB+,322,1
AB-,322,1
O+,323,32
O-,323,0
A+,323,6
A-,323,0
B+,323,2
B-,323,0
AB+,323,2
AB-,323,2
O+,324,27
O-,324,2
A+,324,21
A-,324,0
B+,324,4
B-,324,0
AB+,324,5
AB-,324,1
O+,325,19
O-,325,0
A+,325,8
A-,325,0
B+,325,4
B-,325,0
AB+,325,2
AB-,325,0
O+,326,13
O-,326,1
A+,326,7
A-,326,0
B+,326,2
B-,326,1
AB+,326,2
AB-,326,0
O+,327,46
O-,327,3
A+,327,10
A-,327,2
B+,327,5
B-,327,0
AB+,327,2
AB-,327,0
O+,328,21
O-,328,1
A+,328,22
A-,328,1
B+,328,8
B-,328,0
AB+,328,3
AB-,328,1
O+,329,28
O-,329,0
A+,329,20
A-,329,1
B+,329,5
B-,329,1
AB+,329,5
AB-,329,0
O+,330,33
O-,330,2
A+,330,17
A-,330,0
B+,330,3
B-,330,0
AB+,330,1
AB-,330,0
O+,331,24
O-,331,0
A+,331,10
A-,331,0
B+,331,6
B-,331,0
AB+,331,2
AB-,331,0
O+,332,15
O-,332,1
A+,332,14
A-,332,2
B+,332,1
B-,332,0
AB+,332,2
AB-,332,0
O+,333,12
O-,333,1
A+,333,7
A-,333,1
B+,333,5
B-,333,0
AB+,333,1
AB-,333,0
O+,334,26
O-,334,1
A+,334,21
A-,334,0
B+,334,6
B-,334,0
AB+,334,5
AB-,334,0
O+,335,28
O-,335,1
A+,335,10
A-,335,1
B+,335,5
B-,335,0
AB+,335,2
AB-,335,0
O+,336,36
O-,336,1
A+,336,17
A-,336,1
B+,336,8
B-,336,0
AB+,336,1
AB-,336,0
O+,337,29
O-,337,1
A+,337,13
A-,337,0
B+,337,1
B-,337,0
AB+,337,1
AB-,337,0
O+,338,15
O-,338,1
A+,338,24
A-,338,0
B+,338,3
B-,338,0
AB+,338,0
AB-,338,0
O+,339,19
O-,339,1
A+,339,7
A-,339,1
B+,339,2
B-,339,0
AB+,339,0
AB-,339,0
O+,340,15
O-,340,2
A+,340,4
A-,340,0
B+,340,0
B-,340,0
AB+,340,2
AB-,340,0
O+,341,25
O-,341,3
A+,341,16
A-,341,1
B+,341,7
B-,341,0
AB+,341,1
AB-,341,0
O+,342,20
O-,342,2
A+,342,12
A-,342,0
B+,342,3
B-,342,0
AB+,342,0
AB-,342,0
O+,343,29
O-,343,1
A+,343,15
A-,343,2
B+,343,3
B-,343,1
AB+,343,2
AB-,343,0
O+,344,21
O-,344,1
A+,344,13
A-,344,0
B+,344,5
B-,344,0
AB+,344,3
AB-,344,0
O+,345,25
O-,345,3
A+,345,10
A-,345,0
B+,345,3
B-,345,0
AB+,345,2
AB-,345,0
O+,346,16
O-,346,0
A+,346,8
A-,346,1
B+,346,0
B-,346,0
AB+,346,2
AB-,346,1
O+,347,19
O-,347,0
A+,347,6
A-,347,0
B+,347,2
B-,347,0
AB+,347,0
AB-,347,0
O+,348,28
O-,348,0
A+,348,12
A-,348,0
B+,348,5
B-,348,1
AB+,348,2
AB-,348,0
O+,349,28
O-,349,1
A+,349,9
A-,349,1
B+,349,7
B-,349,0
AB+,349,2
AB-,349,0
O+,350,24
O-,350,1
A+,350,21
A-,350,0
B+,350,2
B-,350,0
AB+,350,0
AB-,350,0
O+,351,36
O-,351,3
A+,351,10
A-,351,1
B+,351,5
B-,351,0
AB+,351,0
AB-,351,0
O+,352,34
O-,352,2
A+,352,10
A-,352,0
B+,352,2
B-,352,1
AB+,352,1
AB-,352,0
O+,353,14
O-,353,0
A+,353,12
A-,353,0
B+,353,2
B-,353,2
AB+,353,1
AB-,353,0
O+,354,11
O-,354,2
A+,354,9
A-,354,0
B+,354,5
B-,354,0
AB+,354,0
AB-,354,0
O+,355,31
O-,355,2
A+,355,10
A-,355,2
B+,355,6
B-,355,0
AB+,355,0
AB-,355,0
O+,356,29
O-,356,2
A+,356,16
A-,356,2
B+,356,1
B-,356,0
AB+,356,0
AB-,356,0
O+,357,29
O-,357,1
A+,357,8
A-,357,0
B+,357,0
B-,357,0
AB+,357,1
AB-,357,0
O+,358,36
O-,358,3
A+,358,13
A-,358,0
B+,358,3
B-,358,0
AB+,358,1
AB-,358,0
O+,359,23
O-,359,0
A+,359,20
A-,359,1
B+,359,5
B-,359,0
AB+,359,0
AB-,359,0
O+,360,19
O-,360,2
A+,360,13
A-,360,0
B+,360,1
B-,360,1
AB+,360,0
AB-,360,0
O+,361,14
O-,361,2
A+,361,6
A-,361,2
B+,361,1
B-,361,0
AB+,361,1
AB-,361,0
O+,362,20
O-,362,2
A+,362,11
A-,362,2
B+,362,9
B-,362,0
AB+,362,2
AB-,362,0
O+,363,23
O-,363,5
A+,363,19
A-,363,1
B+,363,3
B-,363,0
AB+,363,0
AB-,363,0
O+,364,20
O-,364,4
A+,364,20
A-,364,0
B+,364,5
B-,364,0
AB+,364,1
AB-,364,0
O+,365,27
O-,365,0
A+,365,20
A-,365,1
B+,365,4
B-,365,0
AB+,365,1
AB-,365,0
